;level2;level1;level3
GSM112490;DC:monocyte-derived;DC;DC:monocyte-derived:immature
GSM112491;DC:monocyte-derived;DC;DC:monocyte-derived:immature
GSM112540;DC:monocyte-derived;DC;DC:monocyte-derived:immature
GSM112541;DC:monocyte-derived;DC;DC:monocyte-derived:Galectin-1
GSM112661;DC:monocyte-derived;DC;DC:monocyte-derived:Galectin-1
GSM112664;DC:monocyte-derived;DC;DC:monocyte-derived:Galectin-1
GSM112665;DC:monocyte-derived;DC;DC:monocyte-derived:LPS
GSM112666;DC:monocyte-derived;DC;DC:monocyte-derived:LPS
GSM112667;DC:monocyte-derived;DC;DC:monocyte-derived:LPS
GSM112668;DC:monocyte-derived;DC;
GSM112669;DC:monocyte-derived;DC;
GSM112670;DC:monocyte-derived;DC;
GSM116101;Smooth_muscle_cells:bronchial;Smooth_muscle_cells;Smooth_muscle_cells:bronchial:vit_D
GSM116102;Smooth_muscle_cells:bronchial;Smooth_muscle_cells;Smooth_muscle_cells:bronchial:vit_D
GSM116103;Smooth_muscle_cells:bronchial;Smooth_muscle_cells;Smooth_muscle_cells:bronchial:vit_D
GSM116104;Smooth_muscle_cells:bronchial;Smooth_muscle_cells;
GSM116105;Smooth_muscle_cells:bronchial;Smooth_muscle_cells;
GSM116106;Smooth_muscle_cells:bronchial;Smooth_muscle_cells;
GSM119354;Epithelial_cells:bronchial;Epithelial_cells;
GSM119357;Epithelial_cells:bronchial;Epithelial_cells;
GSM119359;Epithelial_cells:bronchial;Epithelial_cells;
GSM119360;Epithelial_cells:bronchial;Epithelial_cells;
GSM119361;Epithelial_cells:bronchial;Epithelial_cells;
GSM119362;Epithelial_cells:bronchial;Epithelial_cells;
GSM119366;Epithelial_cells:bronchial;Epithelial_cells;
GSM119369;Epithelial_cells:bronchial;Epithelial_cells;
GSM119371;Epithelial_cells:bronchial;Epithelial_cells;
GSM119372;Epithelial_cells:bronchial;Epithelial_cells;
GSM1209554_HH1763_UI33plus2_201004;;B_cell;
GSM1209555_HH1778_u133plus2_211004;;B_cell;
GSM1209556_HH1786_U133plus2_091104;;B_cell;
GSM1209557_HH1791_u133plus2_251104;;B_cell;
GSM1209558_HH1713_u133plus2_011004;;Neutrophil;
GSM1209559_HH1712_u133plus2_011004;;Neutrophil;
GSM1209560_HH1714_u133plus2_011004;;Neutrophil;
GSM1209561_TW1681_u133plus2_061004;T_cell:CD8+_Central_memory;T_cell;
GSM1209562_TW1685_u133plus2_061004;T_cell:CD8+_Central_memory;T_cell;
GSM1209563_TW1689_u133plus2_061004;T_cell:CD8+_Central_memory;T_cell;
GSM1209564_HH1765_UI33plus2_201004;T_cell:CD8+;T_cell;
GSM1209565_HH1769_UI33plus2_201004;T_cell:CD4+;T_cell;
GSM1209566_HH1770_U133plus2_041104;T_cell:CD8+;T_cell;
GSM1209567_HH1774_u133plus2_211004;T_cell:CD4+;T_cell;
GSM1209568_HH1775_u133plus2_211004;T_cell:CD8+;T_cell;
GSM1209569_HH1780_u133plus2_211004;T_cell:CD8+;T_cell;
GSM1209570_HH1788_U133plus2_091104;T_cell:CD8+;T_cell;
GSM1209571_HH1792_u133plus2_251104;T_cell:CD4+;T_cell;
GSM1209572_HH1793_u133plus2_251104;T_cell:CD8+;T_cell;
GSM1209573_TW1678_u133plus2_061004;T_cell:CD8+_effector_memory_RA;T_cell;
GSM1209574_TW1682_u133plus2_061004;T_cell:CD8+_effector_memory_RA;T_cell;
GSM1209575_TW1686_u133plus2_061004;T_cell:CD8+_effector_memory_RA;T_cell;
GSM1209576_TW1690_u133plus2_061004;T_cell:CD8+_effector_memory_RA;T_cell;
GSM1209577_TW1675_u133plus2_061004;T_cell:CD8+_effector_memory;T_cell;
GSM1209578_TW1679_u133plus2_061004;T_cell:CD8+_effector_memory;T_cell;
GSM1209579_TW1683_u133plus2_061004;T_cell:CD8+_effector_memory;T_cell;
GSM1209580_TW1687_u133plus2_061004;T_cell:CD8+_effector_memory;T_cell;
GSM1209581_TW1676_u133plus2_061004;T_cell:CD8+_naive;T_cell;
GSM1209582_TW1680_u133plus2_061004;T_cell:CD8+_naive;T_cell;
GSM1209583_TW1684_u133plus2_061004;T_cell:CD8+_naive;T_cell;
GSM1209584_TW1688_u133plus2_061004;T_cell:CD8+_naive;T_cell;
GSM1209585_HH1762_UI33plus2_201004;;Monocyte;
GSM1209586_HH1767_UI33plus2_201004;;Monocyte;
GSM1209587_HH1772_u133plus2_211004;;Monocyte;
GSM1209588_HH1777_U133plus2_041104;;Monocyte;
GSM1209589_HH1785_U133plus2_011204;;Monocyte;
GSM1209590_HH1790_U133plus2_091104;;Monocyte;
GSM1209591_HH1719_u133plus2_011004;;Erythroblast;
GSM1209592_HH1720_u133plus2_011004;;Erythroblast;
GSM1209593_HH1721_u133plus2_011004;;Erythroblast;
GSM1209594_HH1722_u133plus2_011004;;Erythroblast;
GSM1209595_HH1723_u133plus2_011004;;Erythroblast;
GSM1209596_HH1716_u133plus2_011004;;Erythroblast;
GSM1209597_HH1717_u133plus2_011004;;Erythroblast;
GSM1209598_HH1718_u133plus2_011004;;Erythroblast;
GSM1209599_HH1715_u133plus2_011004;;BM;
GSM132919;DC:monocyte-derived;DC;
GSM132921;DC:monocyte-derived;DC;DC:monocyte-derived:rosiglitazone
GSM132922;DC:monocyte-derived;DC;DC:monocyte-derived:AM580
GSM132923;DC:monocyte-derived;DC;
GSM132924;DC:monocyte-derived;DC;DC:monocyte-derived:rosiglitazone
GSM132925;DC:monocyte-derived;DC;DC:monocyte-derived:AM580
GSM132926;DC:monocyte-derived;DC;DC:monocyte-derived:rosiglitazone/AGN193109
GSM132927;DC:monocyte-derived;DC;
GSM132928;DC:monocyte-derived;DC;DC:monocyte-derived:rosiglitazone
GSM132929;DC:monocyte-derived;DC;DC:monocyte-derived:AM580
GSM132930;DC:monocyte-derived;DC;DC:monocyte-derived:rosiglitazone/AGN193109
GSM140244;;Monocyte;
GSM140245;;Monocyte;
GSM140246;;Monocyte;
GSM140247;;Monocyte;
GSM140248;;Monocyte;
GSM140249;;Monocyte;
GSM140953;DC:monocyte-derived;DC;
GSM140968;DC:monocyte-derived;DC;
GSM140969;DC:monocyte-derived;DC;
GSM140970;DC:monocyte-derived;DC;DC:monocyte-derived:anti-DC-SIGN_2h
GSM140971;DC:monocyte-derived;DC;DC:monocyte-derived:anti-DC-SIGN_2h
GSM140973;DC:monocyte-derived;DC;DC:monocyte-derived:anti-DC-SIGN_2h
GSM141251;Endothelial_cells:HUVEC;Endothelial_cells;
GSM141252;Endothelial_cells:HUVEC;Endothelial_cells;Endothelial_cells:HUVEC:Borrelia_burgdorferi
GSM141253;Endothelial_cells:HUVEC;Endothelial_cells;Endothelial_cells:HUVEC:Borrelia_burgdorferi
GSM141255;Endothelial_cells:HUVEC;Endothelial_cells;Endothelial_cells:HUVEC:IFNg
GSM143717;Endothelial_cells:lymphatic;Endothelial_cells;
GSM143726;Endothelial_cells:HUVEC;Endothelial_cells;
GSM143727;Endothelial_cells:HUVEC;Endothelial_cells;
GSM143728;Endothelial_cells:HUVEC;Endothelial_cells;Endothelial_cells:HUVEC:Serum_Amyloid_A
GSM143729;Endothelial_cells:HUVEC;Endothelial_cells;Endothelial_cells:HUVEC:Serum_Amyloid_A
GSM143730;Endothelial_cells:HUVEC;Endothelial_cells;Endothelial_cells:HUVEC:Serum_Amyloid_A
GSM143731;Endothelial_cells:HUVEC;Endothelial_cells;Endothelial_cells:HUVEC:Serum_Amyloid_A
GSM143732;Endothelial_cells:HUVEC;Endothelial_cells;Endothelial_cells:HUVEC:Serum_Amyloid_A
GSM143733;Endothelial_cells:HUVEC;Endothelial_cells;Endothelial_cells:HUVEC:Serum_Amyloid_A
GSM143898;Endothelial_cells:lymphatic;Endothelial_cells;
GSM143900;Endothelial_cells:lymphatic;Endothelial_cells;
GSM143907;Endothelial_cells:lymphatic;Endothelial_cells;Endothelial_cells:lymphatic:TNFa_48h
GSM143910;Endothelial_cells:lymphatic;Endothelial_cells;Endothelial_cells:lymphatic:TNFa_48h
GSM143914;Endothelial_cells:lymphatic;Endothelial_cells;Endothelial_cells:lymphatic:TNFa_48h
GSM153893;T_cell:effector;T_cell;
GSM154073;T_cell:effector;T_cell;
GSM154077;T_cell:effector;T_cell;
GSM154078;T_cell:effector;T_cell;
GSM154081;T_cell:CCR10+CLA+1,25(OH)2_vit_D3/IL-12;T_cell;
GSM154084;T_cell:CCR10-CLA+1,25(OH)2_vit_D3/IL-12;T_cell;
GSM158468;Gametocytes:spermatocyte;Gametocytes;
GSM158470;Gametocytes:spermatocyte;Gametocytes;
GSM160530;DC:monocyte-derived;DC;
GSM160532;DC:monocyte-derived;DC;DC:monocyte-derived:A._fumigatus_germ_tubes_6h
GSM160534;DC:monocyte-derived;DC;
GSM160536;DC:monocyte-derived;DC;DC:monocyte-derived:A._fumigatus_germ_tubes_6h
GSM172865;Neurons:ES_cell-derived_neural_precursor;Neurons;
GSM172866;Neurons:ES_cell-derived_neural_precursor;Neurons;
GSM172867;Neurons:ES_cell-derived_neural_precursor;Neurons;
GSM172868;Neurons:ES_cell-derived_neural_precursor;Neurons;
GSM172869;Neurons:ES_cell-derived_neural_precursor;Neurons;
GSM172870;Neurons:ES_cell-derived_neural_precursor;Neurons;
GSM173532;;Keratinocytes;
GSM173533;;Keratinocytes;
GSM173534;;Keratinocytes;
GSM173535;Keratinocytes:IL19;Keratinocytes;
GSM173536;Keratinocytes:IL19;Keratinocytes;
GSM173537;Keratinocytes:IL19;Keratinocytes;
GSM173538;Keratinocytes:IL20;Keratinocytes;
GSM173539;Keratinocytes:IL20;Keratinocytes;
GSM173540;Keratinocytes:IL20;Keratinocytes;
GSM173541;Keratinocytes:IL22;Keratinocytes;
GSM173542;Keratinocytes:IL22;Keratinocytes;
GSM173543;Keratinocytes:IL22;Keratinocytes;
GSM173544;Keratinocytes:IL24;Keratinocytes;
GSM173545;Keratinocytes:IL24;Keratinocytes;
GSM173546;Keratinocytes:IL24;Keratinocytes;
GSM173547;Keratinocytes:IL26;Keratinocytes;
GSM173548;Keratinocytes:IL26;Keratinocytes;
GSM173549;Keratinocytes:IL26;Keratinocytes;
GSM173550;Keratinocytes:KGF;Keratinocytes;
GSM173551;Keratinocytes:KGF;Keratinocytes;
GSM173552;Keratinocytes:KGF;Keratinocytes;
GSM173553;Keratinocytes:IFNg;Keratinocytes;
GSM173554;Keratinocytes:IFNg;Keratinocytes;
GSM173555;Keratinocytes:IL1b;Keratinocytes;
GSM173556;Keratinocytes:IL1b;Keratinocytes;
GSM178549;;HSC_-G-CSF;
GSM178550;;HSC_-G-CSF;
GSM178551;;HSC_-G-CSF;
GSM178552;;HSC_-G-CSF;
GSM178553;;HSC_-G-CSF;
GSM178554;;HSC_-G-CSF;
GSM178555;;HSC_-G-CSF;
GSM178556;;HSC_-G-CSF;
GSM178557;;HSC_-G-CSF;
GSM178558;;HSC_-G-CSF;
GSM181857;DC:monocyte-derived;DC;DC:monocyte-derived:immature
GSM181930;DC:monocyte-derived;DC;DC:monocyte-derived:immature
GSM181931;DC:monocyte-derived;DC;DC:monocyte-derived:immature
GSM181932;DC:monocyte-derived;DC;DC:monocyte-derived:immature
GSM181933;DC:monocyte-derived;DC;DC:monocyte-derived:immature
GSM181934;DC:monocyte-derived;DC;DC:monocyte-derived:immature
GSM181971;DC:monocyte-derived;DC;DC:monocyte-derived:mature
GSM181972;DC:monocyte-derived;DC;DC:monocyte-derived:immature
GSM181973;DC:monocyte-derived;DC;DC:monocyte-derived:mature
GSM181974;DC:monocyte-derived;DC;DC:monocyte-derived:mature
GSM181976;DC:monocyte-derived;DC;DC:monocyte-derived:mature
GSM181978;DC:monocyte-derived;DC;DC:monocyte-derived:mature
GSM181980;DC:monocyte-derived;DC;DC:monocyte-derived:mature
GSM181981;DC:monocyte-derived;DC;DC:monocyte-derived:mature
GSM181982;DC:monocyte-derived;DC;DC:monocyte-derived:immature
GSM181983;DC:monocyte-derived;DC;DC:monocyte-derived:immature
GSM181984;DC:monocyte-derived;DC;DC:monocyte-derived:immature
GSM181997;DC:monocyte-derived;DC;DC:monocyte-derived:immature
GSM181998;DC:monocyte-derived;DC;DC:monocyte-derived:immature
GSM181999;DC:monocyte-derived;DC;DC:monocyte-derived:immature
GSM182000;;Monocyte;
GSM182001;Monocyte:anti-FcgRIIB;Monocyte;
GSM182002;;Monocyte;
GSM182003;;Monocyte;
GSM182004;Monocyte:anti-FcgRIIB;Monocyte;
GSM183165;Macrophage:monocyte-derived;Macrophage;Macrophage:monocyte-derived:IL-4/cntrl
GSM183193;Macrophage:monocyte-derived;Macrophage;Macrophage:monocyte-derived:IL-4/cntrl
GSM183196;Macrophage:monocyte-derived;Macrophage;Macrophage:monocyte-derived:IL-4/cntrl
GSM183201;Macrophage:monocyte-derived;Macrophage;Macrophage:monocyte-derived:IL-4/cntrl
GSM183209;Macrophage:monocyte-derived;Macrophage;Macrophage:monocyte-derived:IL-4/cntrl
GSM183217;Macrophage:monocyte-derived;Macrophage;Macrophage:monocyte-derived:IL-4/Dex/cntrl
GSM183305;Macrophage:monocyte-derived;Macrophage;Macrophage:monocyte-derived:IL-4/Dex/cntrl
GSM183306;Macrophage:monocyte-derived;Macrophage;Macrophage:monocyte-derived:IL-4/Dex/cntrl
GSM183315;Macrophage:monocyte-derived;Macrophage;Macrophage:monocyte-derived:IL-4/Dex/cntrl
GSM183316;Macrophage:monocyte-derived;Macrophage;Macrophage:monocyte-derived:IL-4/Dex/cntrl
GSM183392;Macrophage:monocyte-derived;Macrophage;Macrophage:monocyte-derived:IL-4/Dex/TGFb
GSM183393;Macrophage:monocyte-derived;Macrophage;Macrophage:monocyte-derived:IL-4/Dex/TGFb
GSM183394;Macrophage:monocyte-derived;Macrophage;Macrophage:monocyte-derived:IL-4/Dex/TGFb
GSM183462;Macrophage:monocyte-derived;Macrophage;Macrophage:monocyte-derived:IL-4/Dex/TGFb
GSM183463;Macrophage:monocyte-derived;Macrophage;Macrophage:monocyte-derived:IL-4/Dex/TGFb
GSM183464;Macrophage:monocyte-derived;Macrophage;Macrophage:monocyte-derived:IL-4/Dex/TGFb
GSM183465;Macrophage:monocyte-derived;Macrophage;Macrophage:monocyte-derived:IL-4/Dex/TGFb
GSM183466;Macrophage:monocyte-derived;Macrophage;Macrophage:monocyte-derived:IL-4/Dex/TGFb
GSM183467;Macrophage:monocyte-derived;Macrophage;Macrophage:monocyte-derived:IL-4/Dex/TGFb
GSM183482;Macrophage:monocyte-derived;Macrophage;Macrophage:monocyte-derived:IL-4/Dex/TGFb
GSM183483;Macrophage:monocyte-derived;Macrophage;Macrophage:monocyte-derived:IL-4/TGFb
GSM183484;Macrophage:monocyte-derived;Macrophage;Macrophage:monocyte-derived:IL-4/TGFb
GSM183485;Macrophage:monocyte-derived;Macrophage;Macrophage:monocyte-derived:IL-4/TGFb
GSM183486;Macrophage:monocyte-derived;Macrophage;Macrophage:monocyte-derived:IL-4/TGFb
GSM183487;Macrophage:monocyte-derived;Macrophage;Macrophage:monocyte-derived:IL-4/TGFb
GSM189447;;Monocyte;
GSM189448;;Monocyte;
GSM189449;;Monocyte;
GSM189450;;Monocyte;
GSM189451;Monocyte:leukotriene_D4;Monocyte;
GSM189452;Monocyte:leukotriene_D4;Monocyte;
GSM189453;Monocyte:leukotriene_D4;Monocyte;
GSM189454;Monocyte:leukotriene_D4;Monocyte;
GSM198942;;NK_cell;
GSM198943;NK_cell:IL2;NK_cell;
GSM198944;NK_cell:IL2;NK_cell;
GSM198945;NK_cell:IL2;NK_cell;
GSM225042;;Embryonic_stem_cells;
GSM230294;;Embryonic_stem_cells;
GSM239260;Tissue_stem_cells:iliac_MSC;Tissue_stem_cells;
GSM239379;Tissue_stem_cells:iliac_MSC;Tissue_stem_cells;
GSM239457;Tissue_stem_cells:iliac_MSC;Tissue_stem_cells;
GSM239606;Chondrocytes:MSC-derived;Chondrocytes;
GSM239612;Chondrocytes:MSC-derived;Chondrocytes;
GSM239613;Chondrocytes:MSC-derived;Chondrocytes;
GSM239616;;Osteoblasts;
GSM239668;;Osteoblasts;
GSM239669;;Osteoblasts;
GSM250019;Tissue_stem_cells:BM_MSC;Tissue_stem_cells;
GSM250020;Tissue_stem_cells:BM_MSC;Tissue_stem_cells;
GSM250021;Tissue_stem_cells:BM_MSC;Tissue_stem_cells;
GSM260305;;Osteoblasts;
GSM260306;;Osteoblasts;
GSM260307;;Osteoblasts;
GSM260308;Osteoblasts:BMP2;Osteoblasts;
GSM260309;Osteoblasts:BMP2;Osteoblasts;
GSM260310;Osteoblasts:BMP2;Osteoblasts;
GSM260311;;Osteoblasts;
GSM260312;;Osteoblasts;
GSM260313;;Osteoblasts;
GSM260314;Osteoblasts:BMP2;Osteoblasts;
GSM260321;Osteoblasts:BMP2;Osteoblasts;
GSM260322;Osteoblasts:BMP2;Osteoblasts;
GSM260657;Tissue_stem_cells:BM_MSC;Tissue_stem_cells;
GSM260658;Tissue_stem_cells:BM_MSC;Tissue_stem_cells;
GSM260659;Tissue_stem_cells:BM_MSC;Tissue_stem_cells;
GSM260661;Tissue_stem_cells:BM_MSC;Tissue_stem_cells;
GSM260662;Tissue_stem_cells:BM_MSC;Tissue_stem_cells;
GSM260663;Tissue_stem_cells:BM_MSC;Tissue_stem_cells;Tissue_stem_cells:BM_MSC:BMP2
GSM260664;Tissue_stem_cells:BM_MSC;Tissue_stem_cells;Tissue_stem_cells:BM_MSC:BMP2
GSM260665;Tissue_stem_cells:BM_MSC;Tissue_stem_cells;Tissue_stem_cells:BM_MSC:BMP2
GSM260666;Tissue_stem_cells:BM_MSC;Tissue_stem_cells;Tissue_stem_cells:BM_MSC:BMP2
GSM260667;Tissue_stem_cells:BM_MSC;Tissue_stem_cells;Tissue_stem_cells:BM_MSC:BMP2
GSM260668;Tissue_stem_cells:BM_MSC;Tissue_stem_cells;Tissue_stem_cells:BM_MSC:BMP2
GSM260669;Tissue_stem_cells:BM_MSC;Tissue_stem_cells;Tissue_stem_cells:BM_MSC:BMP2
GSM260670;Tissue_stem_cells:BM_MSC;Tissue_stem_cells;Tissue_stem_cells:BM_MSC:BMP2
GSM260671;Tissue_stem_cells:BM_MSC;Tissue_stem_cells;Tissue_stem_cells:BM_MSC:BMP2
GSM260672;Tissue_stem_cells:BM_MSC;Tissue_stem_cells;Tissue_stem_cells:BM_MSC:BMP2
GSM260673;Tissue_stem_cells:BM_MSC;Tissue_stem_cells;Tissue_stem_cells:BM_MSC:BMP2
GSM260674;Tissue_stem_cells:BM_MSC;Tissue_stem_cells;Tissue_stem_cells:BM_MSC:BMP2
GSM260675;Tissue_stem_cells:BM_MSC;Tissue_stem_cells;Tissue_stem_cells:BM_MSC:TGFb3
GSM260676;Tissue_stem_cells:BM_MSC;Tissue_stem_cells;Tissue_stem_cells:BM_MSC:TGFb3
GSM260678;Tissue_stem_cells:BM_MSC;Tissue_stem_cells;Tissue_stem_cells:BM_MSC:TGFb3
GSM260679;Tissue_stem_cells:BM_MSC;Tissue_stem_cells;Tissue_stem_cells:BM_MSC:TGFb3
GSM260680;Tissue_stem_cells:BM_MSC;Tissue_stem_cells;Tissue_stem_cells:BM_MSC:TGFb3
GSM260681;Tissue_stem_cells:BM_MSC;Tissue_stem_cells;Tissue_stem_cells:BM_MSC:TGFb3
GSM260682;Tissue_stem_cells:BM_MSC;Tissue_stem_cells;Tissue_stem_cells:BM_MSC:TGFb3
GSM260683;Tissue_stem_cells:BM_MSC;Tissue_stem_cells;Tissue_stem_cells:BM_MSC:TGFb3
GSM260684;Tissue_stem_cells:BM_MSC;Tissue_stem_cells;Tissue_stem_cells:BM_MSC:TGFb3
GSM260685;Tissue_stem_cells:BM_MSC;Tissue_stem_cells;Tissue_stem_cells:BM_MSC:TGFb3
GSM260686;Tissue_stem_cells:BM_MSC;Tissue_stem_cells;Tissue_stem_cells:BM_MSC:TGFb3
GSM260689;DC:monocyte-derived;DC;
GSM260690;DC:monocyte-derived;DC;DC:monocyte-derived:LPS
GSM260691;DC:monocyte-derived;DC;DC:monocyte-derived:LPS
GSM260692;DC:monocyte-derived;DC;DC:monocyte-derived:LPS
GSM260693;DC:monocyte-derived;DC;DC:monocyte-derived:Poly(IC)
GSM260694;DC:monocyte-derived;DC;DC:monocyte-derived:Poly(IC)
GSM260695;DC:monocyte-derived;DC;DC:monocyte-derived:Poly(IC)
GSM260696;DC:monocyte-derived;DC;DC:monocyte-derived:CD40L
GSM260697;DC:monocyte-derived;DC;DC:monocyte-derived:CD40L
GSM260698;DC:monocyte-derived;DC;DC:monocyte-derived:CD40L
GSM260699;DC:monocyte-derived;DC;DC:monocyte-derived:Schuler_treatment
GSM260700;DC:monocyte-derived;DC;DC:monocyte-derived:Schuler_treatment
GSM260701;DC:monocyte-derived;DC;DC:monocyte-derived:Schuler_treatment
GSM264755;DC:monocyte-derived;DC;
GSM264756;DC:monocyte-derived;DC;
GSM264757;DC:monocyte-derived;DC;DC:monocyte-derived:antiCD40/VAF347
GSM264758;DC:monocyte-derived;DC;DC:monocyte-derived:antiCD40/VAF347
GSM265494;Tissue_stem_cells:dental_pulp;Tissue_stem_cells;
GSM265495;Tissue_stem_cells:dental_pulp;Tissue_stem_cells;
GSM265496;Tissue_stem_cells:dental_pulp;Tissue_stem_cells;
GSM265497;Tissue_stem_cells:dental_pulp;Tissue_stem_cells;
GSM265498;Tissue_stem_cells:dental_pulp;Tissue_stem_cells;
GSM265499;Tissue_stem_cells:dental_pulp;Tissue_stem_cells;
GSM279572;T_cell:CD4+_central_memory;T_cell;
GSM279573;T_cell:CD4+_central_memory;T_cell;
GSM279574;T_cell:CD4+_central_memory;T_cell;
GSM279575;T_cell:CD4+_central_memory;T_cell;
GSM279576;T_cell:CD4+_central_memory;T_cell;
GSM279577;T_cell:CD4+_effector_memory;T_cell;
GSM279578;T_cell:CD4+_effector_memory;T_cell;
GSM279579;T_cell:CD4+_effector_memory;T_cell;
GSM279580;T_cell:CD4+_effector_memory;T_cell;
GSM279581;T_cell:CD4+_Naive;T_cell;
GSM279582;T_cell:CD4+_Naive;T_cell;
GSM279583;T_cell:CD4+_Naive;T_cell;
GSM279584;T_cell:CD4+_Naive;T_cell;
GSM286015;DC:monocyte-derived;DC;DC:monocyte-derived:mature
GSM286017;DC:monocyte-derived;DC;DC:monocyte-derived:mature
GSM286086;DC:monocyte-derived;DC;DC:monocyte-derived:mature
GSM286087;DC:monocyte-derived;DC;DC:monocyte-derived:mature
GSM286088;DC:monocyte-derived;DC;DC:monocyte-derived:immature
GSM286089;DC:monocyte-derived;DC;DC:monocyte-derived:immature
GSM286090;DC:monocyte-derived;DC;DC:monocyte-derived:immature
GSM286091;DC:monocyte-derived;DC;DC:monocyte-derived:immature
GSM287216;Smooth_muscle_cells:vascular;Smooth_muscle_cells;
GSM287217;Smooth_muscle_cells:vascular;Smooth_muscle_cells;Smooth_muscle_cells:vascular:IL-17
GSM287218;Smooth_muscle_cells:vascular;Smooth_muscle_cells;
GSM287219;Smooth_muscle_cells:vascular;Smooth_muscle_cells;Smooth_muscle_cells:vascular:IL-17
GSM287220;Smooth_muscle_cells:vascular;Smooth_muscle_cells;
GSM287222;Smooth_muscle_cells:vascular;Smooth_muscle_cells;Smooth_muscle_cells:vascular:IL-17
GSM289612;;BM;
GSM289613;;BM;
GSM289614;;BM;
GSM289615;;BM;
GSM289616;;BM;
GSM289617;;BM;
GSM289618;;BM;
GSM290414;;Platelets;
GSM290415;;Platelets;
GSM290420;;Platelets;
GSM290421;;Platelets;
GSM290423;;Platelets;
GSM299095;Epithelial_cells:bladder;Epithelial_cells;
GSM299096;Epithelial_cells:bladder;Epithelial_cells;
GSM299097;Epithelial_cells:bladder;Epithelial_cells;
GSM299098;Epithelial_cells:bladder;Epithelial_cells;
GSM299099;Epithelial_cells:bladder;Epithelial_cells;
GSM299100;Epithelial_cells:bladder;Epithelial_cells;
GSM299556;Macrophage:monocyte-derived;Macrophage;
GSM299557;Macrophage:monocyte-derived;Macrophage;Macrophage:monocyte-derived:M-CSF
GSM299558;Macrophage:monocyte-derived;Macrophage;Macrophage:monocyte-derived:M-CSF/IFNg
GSM299559;Macrophage:monocyte-derived;Macrophage;Macrophage:monocyte-derived:M-CSF/Pam3Cys
GSM299560;Macrophage:monocyte-derived;Macrophage;Macrophage:monocyte-derived:M-CSF/IFNg/Pam3Cys
GSM299561;Macrophage:monocyte-derived;Macrophage;
GSM299562;Macrophage:monocyte-derived;Macrophage;Macrophage:monocyte-derived:M-CSF
GSM299563;Macrophage:monocyte-derived;Macrophage;Macrophage:monocyte-derived:M-CSF/IFNg
GSM299564;Macrophage:monocyte-derived;Macrophage;Macrophage:monocyte-derived:M-CSF/Pam3Cys
GSM299565;Macrophage:monocyte-derived;Macrophage;Macrophage:monocyte-derived:M-CSF/IFNg/Pam3Cys
GSM300389;Macrophage:monocyte-derived;Macrophage;Macrophage:monocyte-derived:IFNa
GSM300390;Macrophage:monocyte-derived;Macrophage;Macrophage:monocyte-derived:IFNa
GSM300392;Macrophage:monocyte-derived;Macrophage;Macrophage:monocyte-derived:IFNa
GSM300393;Macrophage:monocyte-derived;Macrophage;Macrophage:monocyte-derived:IFNa
GSM300394;Macrophage:monocyte-derived;Macrophage;Macrophage:monocyte-derived:IFNa
GSM300395;Macrophage:monocyte-derived;Macrophage;Macrophage:monocyte-derived:IFNa
GSM300398;Macrophage:monocyte-derived;Macrophage;
GSM300399;Macrophage:monocyte-derived;Macrophage;
GSM300401;Macrophage:monocyte-derived;Macrophage;
GSM300402;Macrophage:monocyte-derived;Macrophage;
GSM300403;Macrophage:monocyte-derived;Macrophage;
GSM300404;Macrophage:monocyte-derived;Macrophage;
GSM304260;Gametocytes:oocyte;Gametocytes;
GSM304261;Gametocytes:oocyte;Gametocytes;
GSM304262;Gametocytes:oocyte;Gametocytes;
GSM305430;;Monocyte;
GSM305432;;Monocyte;
GSM305433;Monocyte:F._tularensis_novicida;Monocyte;
GSM305434;;Monocyte;
GSM305435;Monocyte:F._tularensis_novicida;Monocyte;
GSM305436;;Monocyte;
GSM305437;Monocyte:F._tularensis_novicida;Monocyte;
GSM305438;;Monocyte;
GSM305439;Monocyte:F._tularensis_novicida;Monocyte;
GSM305440;;Monocyte;
GSM305441;Monocyte:F._tularensis_novicida;Monocyte;
GSM305442;Monocyte:F._tularensis_novicida;Monocyte;
GSM305784;Endothelial_cells:HUVEC;Endothelial_cells;
GSM305785;Endothelial_cells:HUVEC;Endothelial_cells;
GSM305786;Endothelial_cells:HUVEC;Endothelial_cells;Endothelial_cells:HUVEC:B._anthracis_LT
GSM305787;Endothelial_cells:HUVEC;Endothelial_cells;Endothelial_cells:HUVEC:B._anthracis_LT
GSM310429;B_cell:Germinal_center;B_cell;
GSM310430;B_cell:Germinal_center;B_cell;
GSM310431;B_cell:Germinal_center;B_cell;
GSM310432;B_cell:Plasma_cell;B_cell;
GSM310433;B_cell:Plasma_cell;B_cell;
GSM310434;B_cell:Plasma_cell;B_cell;
GSM310435;B_cell:Naive;B_cell;
GSM310436;B_cell:Naive;B_cell;
GSM310437;B_cell:Naive;B_cell;
GSM310438;B_cell:Memory;B_cell;
GSM310439;B_cell:Memory;B_cell;
GSM310440;B_cell:Memory;B_cell;
GSM320543;DC:monocyte-derived;DC;
GSM320544;DC:monocyte-derived;DC;DC:monocyte-derived:AEC-conditioned
GSM320545;DC:monocyte-derived;DC;
GSM320546;DC:monocyte-derived;DC;DC:monocyte-derived:AEC-conditioned
GSM320547;DC:monocyte-derived;DC;
GSM320548;DC:monocyte-derived;DC;DC:monocyte-derived:AEC-conditioned
GSM320549;DC:monocyte-derived;DC;
GSM320550;DC:monocyte-derived;DC;DC:monocyte-derived:AEC-conditioned
GSM320551;DC:monocyte-derived;DC;
GSM320552;DC:monocyte-derived;DC;DC:monocyte-derived:AEC-conditioned
GSM322374;Tissue_stem_cells:lipoma-derived_MSC;Tissue_stem_cells;
GSM322375;Tissue_stem_cells:lipoma-derived_MSC;Tissue_stem_cells;
GSM322376;Tissue_stem_cells:adipose-derived_MSC_AM3;Tissue_stem_cells;
GSM322377;Tissue_stem_cells:adipose-derived_MSC_AM3;Tissue_stem_cells;
GSM330313;Endothelial_cells:HUVEC;Endothelial_cells;
GSM330314;Endothelial_cells:HUVEC;Endothelial_cells;Endothelial_cells:HUVEC:FPV-infected
GSM330315;Endothelial_cells:HUVEC;Endothelial_cells;Endothelial_cells:HUVEC:PR8-infected
GSM330316;Endothelial_cells:HUVEC;Endothelial_cells;Endothelial_cells:HUVEC:H5N1-infected
GSM335393;Endothelial_cells:HUVEC;Endothelial_cells;
GSM335395;Endothelial_cells:HUVEC;Endothelial_cells;Endothelial_cells:HUVEC:FPV-infected
GSM335396;Endothelial_cells:HUVEC;Endothelial_cells;Endothelial_cells:HUVEC:PR8-infected
GSM335851;Endothelial_cells:HUVEC;Endothelial_cells;
GSM335859;Endothelial_cells:HUVEC;Endothelial_cells;Endothelial_cells:HUVEC:FPV-infected
GSM335904;Endothelial_cells:HUVEC;Endothelial_cells;Endothelial_cells:HUVEC:PR8-infected
GSM335906;Endothelial_cells:HUVEC;Endothelial_cells;Endothelial_cells:HUVEC:H5N1-infected
GSM336559;Endothelial_cells:HUVEC;Endothelial_cells;Endothelial_cells:HUVEC:H5N1-infected
GSM343802;Macrophage:monocyte-derived;Macrophage;
GSM343803;Macrophage:monocyte-derived;Macrophage;Macrophage:monocyte-derived:S._aureus
GSM343804;Macrophage:monocyte-derived;Macrophage;
GSM343805;Macrophage:monocyte-derived;Macrophage;Macrophage:monocyte-derived:S._aureus
GSM343806;Macrophage:monocyte-derived;Macrophage;
GSM343807;Macrophage:monocyte-derived;Macrophage;Macrophage:monocyte-derived:S._aureus
GSM343808;Macrophage:monocyte-derived;Macrophage;
GSM343809;Macrophage:monocyte-derived;Macrophage;Macrophage:monocyte-derived:S._aureus
GSM343810;Macrophage:monocyte-derived;Macrophage;
GSM343811;Macrophage:monocyte-derived;Macrophage;Macrophage:monocyte-derived:S._aureus
GSM343812;Macrophage:monocyte-derived;Macrophage;
GSM343813;Macrophage:monocyte-derived;Macrophage;Macrophage:monocyte-derived:S._aureus
GSM343814;Macrophage:monocyte-derived;Macrophage;
GSM343815;Macrophage:monocyte-derived;Macrophage;Macrophage:monocyte-derived:S._aureus
GSM343816;Macrophage:monocyte-derived;Macrophage;
GSM343817;Macrophage:monocyte-derived;Macrophage;Macrophage:monocyte-derived:S._aureus
GSM343818;Macrophage:monocyte-derived;Macrophage;
GSM343819;Macrophage:monocyte-derived;Macrophage;Macrophage:monocyte-derived:S._aureus
GSM343820;Macrophage:monocyte-derived;Macrophage;
GSM343821;Macrophage:monocyte-derived;Macrophage;Macrophage:monocyte-derived:S._aureus
GSM343822;Macrophage:monocyte-derived;Macrophage;
GSM343823;Macrophage:monocyte-derived;Macrophage;Macrophage:monocyte-derived:S._aureus
GSM343824;Macrophage:monocyte-derived;Macrophage;
GSM343825;Macrophage:monocyte-derived;Macrophage;Macrophage:monocyte-derived:S._aureus
GSM343826;Macrophage:monocyte-derived;Macrophage;
GSM343827;Macrophage:monocyte-derived;Macrophage;Macrophage:monocyte-derived:S._aureus
GSM343828;Macrophage:monocyte-derived;Macrophage;
GSM343829;Macrophage:monocyte-derived;Macrophage;Macrophage:monocyte-derived:S._aureus
GSM343830;Macrophage:monocyte-derived;Macrophage;
GSM343831;Macrophage:monocyte-derived;Macrophage;Macrophage:monocyte-derived:S._aureus
GSM346941;Fibroblasts:foreskin;Fibroblasts;
GSM346942;Fibroblasts:foreskin;Fibroblasts;
GSM346943;Fibroblasts:foreskin;Fibroblasts;
GSM346944;Fibroblasts:foreskin;Fibroblasts;
GSM346951;Endothelial_cells:HUVEC;Endothelial_cells;
GSM346952;Endothelial_cells:HUVEC;Endothelial_cells;
GSM346959;Smooth_muscle_cells:vascular;Smooth_muscle_cells;
GSM346960;Smooth_muscle_cells:vascular;Smooth_muscle_cells;
GSM347916;iPS_cells:skin_fibroblast-derived;iPS_cells;
GSM347917;iPS_cells:skin_fibroblast-derived;iPS_cells;
GSM347918;iPS_cells:skin_fibroblast-derived;iPS_cells;
GSM347919;iPS_cells:skin_fibroblast;iPS_cells;
GSM347920;iPS_cells:skin_fibroblast;iPS_cells;
GSM347922;;Embryonic_stem_cells;
GSM347923;;Embryonic_stem_cells;
GSM347924;;Embryonic_stem_cells;
GSM347925;;Embryonic_stem_cells;
GSM349848;T_cell:gamma-delta;T_cell;
GSM349849;T_cell:gamma-delta;T_cell;
GSM350084;Monocyte:CD14+;Monocyte;
GSM350085;Monocyte:CD14+;Monocyte;
GSM350086;Monocyte:CD14+;Monocyte;
GSM359332;Macrophage:Alveolar;Macrophage;
GSM359753;Macrophage:Alveolar;Macrophage;
GSM359754;Macrophage:Alveolar;Macrophage;
GSM359755;Macrophage:Alveolar;Macrophage;
GSM359758;Macrophage:Alveolar;Macrophage;Macrophage:Alveolar:B._anthacis_spores
GSM359759;Macrophage:Alveolar;Macrophage;Macrophage:Alveolar:B._anthacis_spores
GSM359760;Macrophage:Alveolar;Macrophage;Macrophage:Alveolar:B._anthacis_spores
GSM361266;;Neutrophil;
GSM361272;Neutrophil:inflam;Neutrophil;
GSM361278;Neutrophil:inflam;Neutrophil;
GSM361283;Neutrophil:inflam;Neutrophil;
GSM361285;Neutrophil:inflam;Neutrophil;
GSM366942;iPS_cells:PDB_fibroblasts;iPS_cells;
GSM367061;;Embryonic_stem_cells;
GSM367062;;Embryonic_stem_cells;
GSM367219;iPS_cells:PDB_1lox-17Puro-5;iPS_cells;
GSM367240;iPS_cells:PDB_1lox-17Puro-10;iPS_cells;
GSM367241;iPS_cells:PDB_1lox-21Puro-20;iPS_cells;
GSM367242;iPS_cells:PDB_1lox-21Puro-26;iPS_cells;
GSM367243;iPS_cells:PDB_2lox-5;iPS_cells;
GSM367244;iPS_cells:PDB_2lox-22;iPS_cells;
GSM367245;iPS_cells:PDB_2lox-21;iPS_cells;
GSM367258;iPS_cells:PDB_2lox-17;iPS_cells;
GSM372142;iPS_cells:CRL2097_foreskin;iPS_cells;
GSM372144;iPS_cells:CRL2097_foreskin;iPS_cells;
GSM372146;iPS_cells:CRL2097_foreskin;iPS_cells;
GSM372154;iPS_cells:CRL2097_foreskin-derived;iPS_cells;iPS_cells:CRL2097_foreskin-derived:d20_hepatic_diff
GSM372155;iPS_cells:CRL2097_foreskin-derived;iPS_cells;iPS_cells:CRL2097_foreskin-derived:d20_hepatic_diff
GSM372156;iPS_cells:CRL2097_foreskin-derived;iPS_cells;iPS_cells:CRL2097_foreskin-derived:d20_hepatic_diff
GSM372157;iPS_cells:CRL2097_foreskin-derived;iPS_cells;iPS_cells:CRL2097_foreskin-derived:undiff.
GSM372158;iPS_cells:CRL2097_foreskin-derived;iPS_cells;iPS_cells:CRL2097_foreskin-derived:undiff.
GSM372159;iPS_cells:CRL2097_foreskin-derived;iPS_cells;iPS_cells:CRL2097_foreskin-derived:undiff.
GSM372800;T_cell:CD4+;T_cell;
GSM372801;T_cell:CD4+;T_cell;
GSM372802;T_cell:CD4+;T_cell;
GSM372803;T_cell:CD4+;T_cell;
GSM372804;T_cell:CD4+;T_cell;
GSM372805;T_cell:CD4+;T_cell;
GSM372806;T_cell:CD4+;T_cell;
GSM372807;T_cell:CD4+;T_cell;
GSM372808;T_cell:CD4+;T_cell;
GSM372809;T_cell:CD8+;T_cell;
GSM372810;T_cell:CD8+;T_cell;
GSM372811;T_cell:CD8+;T_cell;
GSM372812;T_cell:CD8+;T_cell;
GSM372813;T_cell:CD8+;T_cell;
GSM372814;T_cell:CD8+;T_cell;
GSM372815;T_cell:CD8+;T_cell;
GSM372816;T_cell:CD8+;T_cell;
GSM372817;T_cell:CD8+;T_cell;
GSM372818;T_cell:CD8+;T_cell;
GSM378811;;Embryonic_stem_cells;
GSM381339;B_cell:CXCR4+_centroblast;B_cell;
GSM381340;B_cell:CXCR4-_centrocyte;B_cell;
GSM381341;B_cell:CXCR4+_centroblast;B_cell;
GSM381342;B_cell:CXCR4-_centrocyte;B_cell;
GSM381343;B_cell:CXCR4+_centroblast;B_cell;
GSM381344;B_cell:CXCR4-_centrocyte;B_cell;
GSM381345;B_cell:CXCR4+_centroblast;B_cell;
GSM381346;B_cell:CXCR4-_centrocyte;B_cell;
GSM385333;Endothelial_cells:HUVEC;Endothelial_cells;
GSM385338;Endothelial_cells:HUVEC;Endothelial_cells;Endothelial_cells:HUVEC:VEGF
GSM385350;Endothelial_cells:HUVEC;Endothelial_cells;Endothelial_cells:HUVEC:VEGF
GSM385353;Endothelial_cells:HUVEC;Endothelial_cells;Endothelial_cells:HUVEC:VEGF
GSM402707;iPS_cells:fibroblasts;iPS_cells;
GSM402717;iPS_cells:fibroblast-derived;iPS_cells;iPS_cells:fibroblast-derived:Direct_del._reprog
GSM402752;iPS_cells:fibroblast-derived;iPS_cells;iPS_cells:fibroblast-derived:Direct_del._reprog
GSM402806;iPS_cells:fibroblast-derived;iPS_cells;iPS_cells:fibroblast-derived:Retroviral_transf
GSM410666;Endothelial_cells:lymphatic;Endothelial_cells;
GSM410667;Endothelial_cells:lymphatic;Endothelial_cells;
GSM410668;Endothelial_cells:lymphatic;Endothelial_cells;
GSM410669;Endothelial_cells:lymphatic;Endothelial_cells;
GSM410672;Endothelial_cells:lymphatic;Endothelial_cells;Endothelial_cells:lymphatic:KSHV
GSM410673;Endothelial_cells:lymphatic;Endothelial_cells;Endothelial_cells:lymphatic:KSHV
GSM410674;Endothelial_cells:lymphatic;Endothelial_cells;Endothelial_cells:lymphatic:KSHV
GSM410675;Endothelial_cells:lymphatic;Endothelial_cells;Endothelial_cells:lymphatic:KSHV
GSM410678;Endothelial_cells:blood_vessel;Endothelial_cells;
GSM410679;Endothelial_cells:blood_vessel;Endothelial_cells;
GSM410680;Endothelial_cells:blood_vessel;Endothelial_cells;
GSM410681;Endothelial_cells:blood_vessel;Endothelial_cells;
GSM410684;Endothelial_cells:blood_vessel;Endothelial_cells;
GSM410685;Endothelial_cells:blood_vessel;Endothelial_cells;
GSM410686;Endothelial_cells:blood_vessel;Endothelial_cells;
GSM410687;Endothelial_cells:blood_vessel;Endothelial_cells;
GSM413840;Chondrocytes:MSC-derived;Chondrocytes;
GSM413842;Chondrocytes:MSC-derived;Chondrocytes;
GSM413846;Chondrocytes:MSC-derived;Chondrocytes;
GSM413847;Chondrocytes:MSC-derived;Chondrocytes;
GSM413848;Chondrocytes:MSC-derived;Chondrocytes;
GSM419987;Macrophage:monocyte-derived;Macrophage;
GSM419988;Macrophage:monocyte-derived;Macrophage;
GSM419989;Macrophage:monocyte-derived;Macrophage;
GSM419990;Macrophage:monocyte-derived;Macrophage;Macrophage:monocyte-derived:IFNa
GSM419991;Macrophage:monocyte-derived;Macrophage;Macrophage:monocyte-derived:IFNa
GSM419992;Macrophage:monocyte-derived;Macrophage;Macrophage:monocyte-derived:IFNa
GSM422109;Monocyte:CD16-;Monocyte;
GSM422110;Monocyte:CD16-;Monocyte;
GSM422111;Monocyte:CD16-;Monocyte;
GSM422112;Monocyte:CD16-;Monocyte;
GSM422113;Monocyte:CD16+;Monocyte;
GSM422114;Monocyte:CD16+;Monocyte;
GSM422116;Monocyte:CD16+;Monocyte;
GSM432175;Monocyte:CD16-;Monocyte;
GSM432176;Monocyte:CD16-;Monocyte;
GSM432177;Monocyte:CD16-;Monocyte;
GSM432178;Monocyte:CD16+;Monocyte;
GSM432179;Monocyte:CD16+;Monocyte;
GSM432180;Monocyte:CD16+;Monocyte;
GSM451153;Tissue_stem_cells:BM_MSC;Tissue_stem_cells;Tissue_stem_cells:BM_MSC:osteogenic
GSM451154;Tissue_stem_cells:BM_MSC;Tissue_stem_cells;Tissue_stem_cells:BM_MSC:osteogenic
GSM451155;Tissue_stem_cells:BM_MSC;Tissue_stem_cells;Tissue_stem_cells:BM_MSC:osteogenic
GSM451156;Tissue_stem_cells:BM_MSC;Tissue_stem_cells;Tissue_stem_cells:BM_MSC:osteogenic
GSM451157;Tissue_stem_cells:BM_MSC;Tissue_stem_cells;Tissue_stem_cells:BM_MSC:osteogenic
GSM451158;Tissue_stem_cells:BM_MSC;Tissue_stem_cells;Tissue_stem_cells:BM_MSC:osteogenic
GSM451160;Tissue_stem_cells:BM_MSC;Tissue_stem_cells;Tissue_stem_cells:BM_MSC:osteogenic
GSM451161;Tissue_stem_cells:BM_MSC;Tissue_stem_cells;Tissue_stem_cells:BM_MSC:osteogenic
GSM456349;;Hepatocytes;
GSM456350;;Hepatocytes;
GSM456351;;Hepatocytes;
GSM466515;Neutrophil:uropathogenic_E._coli_UTI89;Neutrophil;
GSM466516;Neutrophil:commensal_E._coli_MG1655;Neutrophil;
GSM466517;Neutrophil:commensal_E._coli_MG1655;Neutrophil;
GSM466518;;Neutrophil;
GSM466519;;Neutrophil;
GSM469125;;MSC;
GSM469126;;MSC;
GSM469127;;MSC;
GSM469128;;MSC;
GSM469129;;MSC;
GSM469130;;MSC;
GSM469131;;MSC;
GSM469132;;MSC;
GSM469136;;MSC;
GSM469409;Neuroepithelial_cell:ESC-derived;Neuroepithelial_cell;
GSM469411;Astrocyte:Embryonic_stem_cell-derived;Astrocyte;
GSM469412;Astrocyte:Embryonic_stem_cell-derived;Astrocyte;
GSM476782;Endothelial_cells:HUVEC;Endothelial_cells;
GSM476783;Endothelial_cells:HUVEC;Endothelial_cells;Endothelial_cells:HUVEC:IL-1b
GSM476784;Endothelial_cells:HUVEC;Endothelial_cells;Endothelial_cells:HUVEC:IL-1b
GSM476785;Endothelial_cells:HUVEC;Endothelial_cells;
GSM476786;Endothelial_cells:HUVEC;Endothelial_cells;Endothelial_cells:HUVEC:IL-1b
GSM483480;;HSC_CD34+;
GSM483481;;HSC_CD34+;
GSM483482;;HSC_CD34+;
GSM483483;;HSC_CD34+;
GSM483484;;HSC_CD34+;
GSM483485;;HSC_CD34+;
GSM488968;;CMP;
GSM488969;;CMP;
GSM488970;;GMP;
GSM488971;;GMP;
GSM488972;B_cell:immature;B_cell;
GSM488973;B_cell:immature;B_cell;
GSM488974;;MEP;
GSM488975;;MEP;
GSM488976;;Myelocyte;
GSM488977;;Myelocyte;
GSM488978;;Pre-B_cell_CD34-;
GSM488979;;Pre-B_cell_CD34-;
GSM488980;;Pro-B_cell_CD34+;
GSM488981;;Pro-B_cell_CD34+;
GSM488982;;Pro-Myelocyte;
GSM488983;;Pro-Myelocyte;
GSM492832;Endothelial_cells:HUVEC;Endothelial_cells;
GSM492833;Endothelial_cells:HUVEC;Endothelial_cells;
GSM492834;Smooth_muscle_cells:umbilical_vein;Smooth_muscle_cells;
GSM492835;Smooth_muscle_cells:umbilical_vein;Smooth_muscle_cells;
GSM500995;iPS_cells:foreskin_fibrobasts;iPS_cells;
GSM500996;iPS_cells:iPS;iPS_cells;iPS_cells:iPS:minicircle-derived
GSM500997;iPS_cells:iPS;iPS_cells;iPS_cells:iPS:minicircle-derived
GSM500998;iPS_cells:iPS;iPS_cells;iPS_cells:iPS:minicircle-derived
GSM500999;iPS_cells:iPS;iPS_cells;iPS_cells:iPS:minicircle-derived
GSM501000;iPS_cells:iPS;iPS_cells;iPS_cells:iPS:minicircle-derived
GSM501001;iPS_cells:adipose_stem_cells;iPS_cells;
GSM501002;iPS_cells:adipose_stem_cells;iPS_cells;
GSM501003;iPS_cells:adipose_stem_cells;iPS_cells;
GSM501004;iPS_cells:adipose_stem_cell-derived;iPS_cells;iPS_cells:adipose_stem_cell-derived:lentiviral
GSM501005;iPS_cells:adipose_stem_cell-derived;iPS_cells;iPS_cells:adipose_stem_cell-derived:lentiviral
GSM501006;iPS_cells:adipose_stem_cell-derived;iPS_cells;iPS_cells:adipose_stem_cell-derived:lentiviral
GSM501007;iPS_cells:adipose_stem_cell-derived;iPS_cells;iPS_cells:adipose_stem_cell-derived:minicircle-derived
GSM501008;iPS_cells:adipose_stem_cell-derived;iPS_cells;iPS_cells:adipose_stem_cell-derived:minicircle-derived
GSM501009;iPS_cells:adipose_stem_cell-derived;iPS_cells;iPS_cells:adipose_stem_cell-derived:minicircle-derived
GSM501890;Fibroblasts:breast;Fibroblasts;
GSM501891;Fibroblasts:breast;Fibroblasts;
GSM501892;Fibroblasts:breast;Fibroblasts;
GSM501893;Fibroblasts:breast;Fibroblasts;
GSM501894;Fibroblasts:breast;Fibroblasts;
GSM501895;Fibroblasts:breast;Fibroblasts;
GSM514669;Monocyte:MCSF;Monocyte;
GSM514670;Monocyte:MCSF;Monocyte;
GSM514671;Monocyte:CXCL4;Monocyte;
GSM514672;Monocyte:CXCL4;Monocyte;
GSM530601;;Embryonic_stem_cells;
GSM530602;;Embryonic_stem_cells;
GSM530603;;Embryonic_stem_cells;
GSM530604;;Embryonic_stem_cells;
GSM530605;;Embryonic_stem_cells;
GSM530606;;Embryonic_stem_cells;
GSM530607;;Embryonic_stem_cells;
GSM530611;;Embryonic_stem_cells;
GSM53382;Neurons:adrenal_medulla_cell_line;Neurons;
GSM53383;Neurons:adrenal_medulla_cell_line;Neurons;
GSM53384;Neurons:adrenal_medulla_cell_line;Neurons;
GSM53385;Neurons:adrenal_medulla_cell_line;Neurons;
GSM53386;Neurons:adrenal_medulla_cell_line;Neurons;
GSM53387;Neurons:adrenal_medulla_cell_line;Neurons;
GSM540714;Tissue_stem_cells:CD326-CD56+;Tissue_stem_cells;
GSM540715;Tissue_stem_cells:CD326-CD56+;Tissue_stem_cells;
GSM540716;Tissue_stem_cells:CD326-CD56+;Tissue_stem_cells;
GSM542578;NK_cell:CD56hiCD62L+;NK_cell;
GSM547998;T_cell:Treg;T_cell;T_cell:Treg:Naive
GSM547999;T_cell:Treg;T_cell;T_cell:Treg:Naive
GSM548000;T_cell:CD4+_Naive;T_cell;
GSM548001;T_cell:CD4+_Naive;T_cell;
GSM549577;Neutrophil:LPS;Neutrophil;
GSM549578;Neutrophil:LPS;Neutrophil;
GSM549579;Neutrophil:LPS;Neutrophil;
GSM549580;Neutrophil:LPS;Neutrophil;
GSM549581;Neutrophil:GM-CSF_IFNg;Neutrophil;
GSM549582;Neutrophil:GM-CSF_IFNg;Neutrophil;
GSM549583;Neutrophil:GM-CSF_IFNg;Neutrophil;
GSM549584;Neutrophil:GM-CSF_IFNg;Neutrophil;
GSM551183;Endothelial_cells:HUVEC;Endothelial_cells;
GSM556647;;Monocyte;
GSM556663;;Monocyte;
GSM556665;Monocyte:S._typhimurium_flagellin;Monocyte;
GSM92231;Neurons:Schwann_cell;Neurons;
GSM92232;Neurons:Schwann_cell;Neurons;
GSM92233;Neurons:Schwann_cell;Neurons;
GSM92234;Neurons:Schwann_cell;Neurons;
